Name,Linked Documents-Folders,Linked Documents-Items,Linked Programs-Continent,Linked Programs-Region,Linked Programs-Country,Linked Programs-Settlement
Africa,naeb-b069-f09,,,,,
Ames,,,,,,"cpb-aacip-500-4746tx39,cpb-aacip-500-jq0sw01w,cpb-aacip-500-8g8fk81p,cpb-aacip-500-x63b4b11,cpb-aacip-500-cj87n35c,cpb-aacip-500-804xmt36,cpb-aacip-500-4q7qsc5n,cpb-aacip-500-r49g8q8j,cpb-aacip-500-sn01421k,cpb-aacip-500-6688mp4r,cpb-aacip-500-1n7xqg9g,cpb-aacip-500-cj87n39b,cpb-aacip-500-hh6c6j40,cpb-aacip-500-rv0d0r1x,cpb-aacip-500-8w384d7b,cpb-aacip-500-h41jnf19,cpb-aacip-500-m9023k1s,cpb-aacip-500-959c9742,cpb-aacip-500-00003n35,cpb-aacip-500-ng4gs06c,cpb-aacip-500-z60c1670,cpb-aacip-500-gx44vt9r,cpb-aacip-500-9k45vd5k,cpb-aacip-500-q52fcw2t,cpb-aacip-500-2j68726z,cpb-aacip-500-cn6z1d29,cpb-aacip-500-0v89m604,cpb-aacip-500-3b5wbc3m,cpb-aacip-500-r49g8q9s,cpb-aacip-500-df6k4n6b,cpb-aacip-500-dj58hx9g,cpb-aacip-500-8k74zg4d,cpb-aacip-500-bg2hbx8t,cpb-aacip-500-h41jnd2b,cpb-aacip-500-gf0mxc50,cpb-aacip-500-b27pss4n,cpb-aacip-500-zp3vzk5n,cpb-aacip-500-hd7nt80g,cpb-aacip-500-125qcr40,cpb-aacip-500-69700x1c,cpb-aacip-500-k06x1t80,cpb-aacip-500-6d5pd662,cpb-aacip-500-bk16r65p,cpb-aacip-500-6h4csg8z,cpb-aacip-500-3x83p13k,cpb-aacip-500-8w384c0f,cpb-aacip-500-cr5ndn96,cpb-aacip-500-p843w795,cpb-aacip-500-ww76zf27,cpb-aacip-500-wh2dd90q,cpb-aacip-500-p26q3q2p,cpb-aacip-500-v97zqv4t,cpb-aacip-500-057cw542,cpb-aacip-500-0c4snq94,cpb-aacip-500-x921hk3q"
Battle Creek,,,,,,
British Columbia,,,,"cpb-aacip-500-9c6s2s8w,cpb-aacip-500-9882pg9g,cpb-aacip-500-5717qr3m,cpb-aacip-500-5m628w6h,cpb-aacip-500-qv3c3v3p,cpb-aacip-500-gt5fgj05,cpb-aacip-500-kh0f083s,cpb-aacip-500-5t3g2g09,cpb-aacip-500-b56d6323,cpb-aacip-500-mw28f85t,cpb-aacip-500-np1wjj50",,
Central Economic Region,,,,"cpb-aacip-500-2r3p0k9b,cpb-aacip-500-6w96bn0d,cpb-aacip-500-mw28f84k,cpb-aacip-500-cj87n28w,cpb-aacip-500-8k74zg5n",,
Farragut State Park,,,,,,"cpb-aacip-500-j09w507m,cpb-aacip-500-w08wfw3n"
France,,,,,"cpb-aacip-500-vx062n3j,cpb-aacip-500-g7374v98,cpb-aacip-500-ff3m1j23,cpb-aacip-500-222r8n9x,cpb-aacip-500-1g0hxx1j,cpb-aacip-500-n29p6v8m,cpb-aacip-500-707wqz0z,cpb-aacip-500-sn014143,cpb-aacip-500-k9316q6g,cpb-aacip-500-j38kj938,cpb-aacip-500-4746tx5s,cpb-aacip-500-sq8qhb0m,cpb-aacip-500-6688mp11,cpb-aacip-500-g7374t7k",
Greater London,,,,"cpb-aacip-500-8s4jr21x,cpb-aacip-500-mk658d2f,cpb-aacip-500-st7dwm96,cpb-aacip-500-t43j2g8s,cpb-aacip-500-st7dwm96,cpb-aacip-500-t727fr6q,cpb-aacip-500-xk84ph01,cpb-aacip-500-st7dwm96,cpb-aacip-500-t43j2g8s,cpb-aacip-500-xk84ph01,cpb-aacip-500-t727fr6q,cpb-aacip-500-tx355r81,cpb-aacip-500-tx355r81,cpb-aacip-500-xk84ph01,cpb-aacip-500-t727fr6q,cpb-aacip-500-nv99b403",,
Lake Couchiching,,,,,,cpb-aacip-500-m03xxq1w
Los Angeles,naeb-b023-f06,"naeb-b106-f04-03,naeb-b105-f02-02",,,,"cpb-aacip-500-zc7rss3x,cpb-aacip-500-m32n9z3q,cpb-aacip-500-qn5zb84r,cpb-aacip-500-kd1qkz6k,cpb-aacip-500-8p5vbs03,cpb-aacip-500-2f7jtr1t,cpb-aacip-500-vd6p449r,cpb-aacip-500-p26q3p8x,cpb-aacip-500-qn5zb89z,cpb-aacip-500-8k74zg74,cpb-aacip-500-416t2b21,cpb-aacip-500-f7667z5k,cpb-aacip-500-h12v837x,cpb-aacip-500-057cw52k,cpb-aacip-500-ht2gcf6b"
North Rhine-Westphalia,,,,cpb-aacip-500-8g8fk80f,,
Soviet Union,,,,,,
Tokyo,,,,,,"cpb-aacip-500-251fnx1d,cpb-aacip-500-2v2ccx8x,cpb-aacip-500-862bdd51,cpb-aacip-500-s756jv9q,cpb-aacip-500-sb3wz57x"
Vancouver,,,,,,"cpb-aacip-500-9c6s2s8w,cpb-aacip-500-9882pg9g,cpb-aacip-500-5717qr3m,cpb-aacip-500-5m628w6h,cpb-aacip-500-qv3c3v3p,cpb-aacip-500-gt5fgj05,cpb-aacip-500-kh0f083s,cpb-aacip-500-5t3g2g09,cpb-aacip-500-b56d6323,cpb-aacip-500-mw28f85t,cpb-aacip-500-np1wjj50"
Winston-Salem,,,,,,"cpb-aacip-500-ft8dkq13,cpb-aacip-500-np1wjk6f,cpb-aacip-500-251fnx2n"