Name,Entity Type,Program Count (links),Item Count (links),Folder Count (links),All Linked Programs,All Linked Items,All Linked Folders
British Broadcasting Corporation,Corporate Body,60,2,3,"cpb-aacip-500-8k74zj91,cpb-aacip-500-sn01412m,cpb-aacip-500-rj48tv9v,cpb-aacip-500-qr4nqm79,cpb-aacip-500-td9n7b0g,cpb-aacip-500-5x25ft2m,cpb-aacip-500-862bdc4k,cpb-aacip-500-w6697g30,cpb-aacip-500-1g0hxz0h,cpb-aacip-500-319s5j1p,cpb-aacip-500-dz03351j,cpb-aacip-500-7w677j6k,cpb-aacip-500-5h7bwn5x,cpb-aacip-500-tq5rd62m,cpb-aacip-500-7659hj09,cpb-aacip-500-tb0xv255,cpb-aacip-500-1v5bh369,cpb-aacip-500-d50fzt2t,cpb-aacip-500-kd1qm09p,cpb-aacip-500-0c4snr7v,cpb-aacip-500-6q1sk35p,cpb-aacip-500-7659hj6r,cpb-aacip-500-j09w5104,cpb-aacip-500-0z710h53,cpb-aacip-500-c24qpp4c,cpb-aacip-500-3n20h674,cpb-aacip-500-445hfn9b,cpb-aacip-500-gt5fgk4b,cpb-aacip-500-gb1xj439,cpb-aacip-500-sx648v9j,cpb-aacip-500-707wqz55,cpb-aacip-500-0v89m71k,cpb-aacip-500-dv1cpv2v,cpb-aacip-500-0p0wtm8r,cpb-aacip-500-vx062m3b,cpb-aacip-500-5m628x5g,cpb-aacip-500-k9316r2q,cpb-aacip-500-7m042p37,cpb-aacip-500-zc7rss1f,cpb-aacip-500-t727fq7r,cpb-aacip-500-mg7fw51v,cpb-aacip-500-8s4jr21x,cpb-aacip-500-mk658d2f,cpb-aacip-500-ft8dkp7b,cpb-aacip-500-st7dwm96,cpb-aacip-500-t43j2g8s,cpb-aacip-500-t727fr6q,cpb-aacip-500-xk84ph01,cpb-aacip-500-tx355r81,cpb-aacip-500-736m4725,cpb-aacip-500-s46h5m9h,cpb-aacip-500-j678xk55,cpb-aacip-500-ns0kxw8j,cpb-aacip-500-cf9j7v3h,cpb-aacip-500-nc5scr21,cpb-aacip-500-nv99b403,cpb-aacip-500-8g8fk785,cpb-aacip-500-t43j2g7j,cpb-aacip-500-ww76zh1d,cpb-aacip-500-9882pj0q","naeb-b111-f07-09,naeb-b106-f02-01","naeb-b071-f01,naeb-b071-f03,naeb-b070-f01"
"Burrows, E. G. (Edwin Gladding), 1917-",Person,48,0,15,"cpb-aacip-500-xp6v2r30,cpb-aacip-500-kk94cj9m,cpb-aacip-500-rj48tv1x,cpb-aacip-500-930nwx7w,cpb-aacip-500-m61bq956,cpb-aacip-500-hh6c6k07,cpb-aacip-500-9z90dj38,cpb-aacip-500-b853kd6p,cpb-aacip-500-qv3c3w1d,cpb-aacip-500-sf2mbf50,cpb-aacip-500-2v2ccx95,cpb-aacip-500-2r3p0p11,cpb-aacip-500-mc8rgv68,cpb-aacip-500-6d5pd729,cpb-aacip-500-0z710h8t,cpb-aacip-500-rr1pmg3v,cpb-aacip-500-m61bq88q,cpb-aacip-500-br8mhv2d,cpb-aacip-500-xs5jg202,cpb-aacip-500-h7081q4k,cpb-aacip-500-8p5vbv20,cpb-aacip-500-ks6j5425,cpb-aacip-500-j9609w1z,cpb-aacip-500-445hfm8w,cpb-aacip-500-959c976j,cpb-aacip-500-b56d638j,cpb-aacip-500-ks6j550w,cpb-aacip-500-st7dwm01,cpb-aacip-500-3f4kqn31,cpb-aacip-500-pr7mtq53,cpb-aacip-500-gm81q087,cpb-aacip-500-ht2gcd7c,cpb-aacip-500-mg7fw48b,cpb-aacip-500-x63b4c17,cpb-aacip-500-445hfn7v,cpb-aacip-500-18345b72,cpb-aacip-500-416t2d16,cpb-aacip-500-5t3g2h5q,cpb-aacip-500-kd1qkz2m,cpb-aacip-500-rv0d0q8d,cpb-aacip-500-nz80qf1z,cpb-aacip-500-cr5ndp5f,cpb-aacip-500-p55dgz8b,cpb-aacip-500-d21rkh4p,cpb-aacip-500-t43j2f8k,cpb-aacip-500-dz03342k,cpb-aacip-500-xd0qwx65,cpb-aacip-500-rj48tw7k",,"naeb-b034-f01,naeb-b034-f08,naeb-b073-f02,naeb-b074-f01,naeb-b069-f01,naeb-b069-f04,naeb-b074-f09,naeb-b093-f03,naeb-b093-f07,naeb-b082-f03,naeb-b094-f04,naeb-b094-f05,naeb-b033-f04,naeb-b036-f07,naeb-b036-f09"
"Chopin, Frédéric, 1810-1849",Person,11,0,0,"cpb-aacip-500-np1wjj11,cpb-aacip-500-4x54jw9c,cpb-aacip-500-v11vk11v,cpb-aacip-500-fx73zz3s,cpb-aacip-500-6m335s0s,cpb-aacip-500-wd3q107s,cpb-aacip-500-pn8xff36,cpb-aacip-500-m32n9x9z,cpb-aacip-500-5h7bwm4g,cpb-aacip-500-w6697f2j,cpb-aacip-500-736m461q",,
Cooper Union for the Advancement of Science and Art,Corporate Body,68,0,0,"cpb-aacip-500-df6k4p98,cpb-aacip-500-7659hh42,cpb-aacip-500-4t6f5n6f,cpb-aacip-500-8g8fk85n,cpb-aacip-500-4q7qsc9m,cpb-aacip-500-qr4nqk73,cpb-aacip-500-fn10t38j,cpb-aacip-500-862bdc23,cpb-aacip-500-1g0hxw7s,cpb-aacip-500-mw28fb2h,cpb-aacip-500-v40jzb07,cpb-aacip-500-7m042p0h,cpb-aacip-500-930nwz34,cpb-aacip-500-0z710h2c,cpb-aacip-500-959c985h,cpb-aacip-500-599z430w,cpb-aacip-500-8s4jr41b,cpb-aacip-500-tb0xv24x,cpb-aacip-500-gh9b9q5x,cpb-aacip-500-np1wjk17,cpb-aacip-500-x63b4c2g,cpb-aacip-500-jm23gq6m,cpb-aacip-500-348gjs63,cpb-aacip-500-bk16r84v,cpb-aacip-500-qz22h54q,cpb-aacip-500-930nwz2w,cpb-aacip-500-804xmt2z,cpb-aacip-500-cr5ndq6w,cpb-aacip-500-vm42ws57,cpb-aacip-500-qv3c3v8w,cpb-aacip-500-69700x7t,cpb-aacip-500-pn8xfg25,cpb-aacip-500-g44hrk0j,cpb-aacip-500-4f1mmg79,cpb-aacip-500-69700z49,cpb-aacip-500-d50fzt71,cpb-aacip-500-9g5gg366,cpb-aacip-500-ng4gs15b,cpb-aacip-500-513tz67m,cpb-aacip-500-7940ws5q,cpb-aacip-500-r49g8r51,cpb-aacip-500-hm52kv0n,cpb-aacip-500-k649tf9n,cpb-aacip-500-v698bn16,cpb-aacip-500-445hfp0c,cpb-aacip-500-ns0kxw0m,cpb-aacip-500-j09w516k,cpb-aacip-500-ff3m1k12,cpb-aacip-500-bv79x48f,cpb-aacip-500-m03xxq3c,cpb-aacip-500-5m628z5p,cpb-aacip-500-9s1kmz2q,cpb-aacip-500-rb6w292b,cpb-aacip-500-jw86nj9r,cpb-aacip-500-jh3d3f0r,cpb-aacip-500-pr7mtq6b,cpb-aacip-500-9882pj65,cpb-aacip-500-8k74zh7b,cpb-aacip-500-1r6n3s41,cpb-aacip-500-td9n7b4f,cpb-aacip-500-2f7jtt3q,cpb-aacip-500-x34mr23z,cpb-aacip-500-154ds251,cpb-aacip-500-kp7trv16,cpb-aacip-500-f18sgf1v,cpb-aacip-500-7s7hv772,cpb-aacip-500-bk16r764,cpb-aacip-500-1j97b68x",,
"Douglas, Paul, 1892-1976",Person,3,0,1,"cpb-aacip-500-th8bmj6x,cpb-aacip-500-z892df75,cpb-aacip-500-4746tw2v",,naeb-bPH3962-f01
Fund for Adult Education (U.S.),Corporate Body,111,2,2,"cpb-aacip-500-hh6c6j6g,cpb-aacip-500-dv1cpt05,cpb-aacip-500-qz22h53g,cpb-aacip-500-fj29dt3r,cpb-aacip-500-h98zdz64,cpb-aacip-500-jh3d3d21,cpb-aacip-500-xs5jg13k,cpb-aacip-500-pc2t8j7b,cpb-aacip-500-dz03336b,cpb-aacip-500-q52fct93,cpb-aacip-500-2b8vff8w,cpb-aacip-500-2r3p0n39,cpb-aacip-500-8g8fk76p,cpb-aacip-500-s756jt9h,cpb-aacip-500-nz80qf26,cpb-aacip-500-sn01406c,cpb-aacip-500-k649tc58,cpb-aacip-500-z60c151b,cpb-aacip-500-08638g13,cpb-aacip-500-s46h5k6k,cpb-aacip-500-vq2s910f,cpb-aacip-500-pn8xfd9f,cpb-aacip-500-n29p6t5p,cpb-aacip-500-w950mq6x,cpb-aacip-500-2n4zm979,cpb-aacip-500-639k799x,cpb-aacip-500-qf8jjp8g,cpb-aacip-500-z60c1492,cpb-aacip-500-sj19qq45,cpb-aacip-500-bn9x4h3t,cpb-aacip-500-6t0gzb1x,cpb-aacip-500-q52fct4w,cpb-aacip-500-hx15rp03,cpb-aacip-500-513tz64w,cpb-aacip-500-ww76zf5z,cpb-aacip-500-bz619c69,cpb-aacip-500-251fnx05,cpb-aacip-500-0p0wtk62,cpb-aacip-500-th8bmj6x,cpb-aacip-500-z892df75,cpb-aacip-500-sf2mbf0s,cpb-aacip-500-4746tw2v,cpb-aacip-500-d795c27h,cpb-aacip-500-1g0hxv92,cpb-aacip-500-804xms47,cpb-aacip-500-zg6g609p,cpb-aacip-500-9c6s2s3p,cpb-aacip-500-rn30745m,cpb-aacip-500-m9023j5j,cpb-aacip-500-8s4jr225,cpb-aacip-500-8911sn57,cpb-aacip-500-tq5rd44p,cpb-aacip-500-057cw503,cpb-aacip-500-ht2gcc8d,cpb-aacip-500-cr5ndn6g,cpb-aacip-500-bz619c0v,cpb-aacip-500-8p5vbs59,cpb-aacip-500-bg2hbz1b,cpb-aacip-500-wp9t5v8g,cpb-aacip-500-f47gvn5t,cpb-aacip-500-6688mm89,cpb-aacip-500-7s7hv594,cpb-aacip-500-7d2q925b,cpb-aacip-500-ks6j534f,cpb-aacip-500-d21rkh26,cpb-aacip-500-qf8jjp5r,cpb-aacip-500-3f4kqm59,cpb-aacip-500-4m91d215,cpb-aacip-500-00003k8z,cpb-aacip-500-1v5bh12x,cpb-aacip-500-fx73zz41,cpb-aacip-500-xs5jg152,cpb-aacip-500-gf0mxc28,cpb-aacip-500-fj29dt18,cpb-aacip-500-xg9f951f,cpb-aacip-500-zk55k93v,cpb-aacip-500-6w96bm9c,cpb-aacip-500-hx15rn53,cpb-aacip-500-8s4jr23d,cpb-aacip-500-cj87n24x,cpb-aacip-500-2805257c,cpb-aacip-500-b853kc3r,cpb-aacip-500-kd1qkz7t,cpb-aacip-500-zk55k982,cpb-aacip-500-nc5scp1c,cpb-aacip-500-8c9r5w9d,cpb-aacip-500-qf8jjq0r,cpb-aacip-500-7w677h15,cpb-aacip-500-6q1sk180,cpb-aacip-500-0r9m6w32,cpb-aacip-500-fb4wn74t,cpb-aacip-500-df6k4p3t,cpb-aacip-500-d21rkh3f,cpb-aacip-500-3b5wbb3d,cpb-aacip-500-8k74zh0n,cpb-aacip-500-fx73zz02,cpb-aacip-500-ks6j540p,cpb-aacip-500-z892df1q,cpb-aacip-500-fn10t362,cpb-aacip-500-5717qs03,cpb-aacip-500-gh9b9p37,cpb-aacip-500-nc5scp43,cpb-aacip-500-hh6c6j3r,cpb-aacip-500-n58cm447,cpb-aacip-500-3n20h60f,cpb-aacip-500-7659hg92,cpb-aacip-500-d21rkh65,cpb-aacip-500-xp6v2q41,cpb-aacip-500-tx355q92,cpb-aacip-500-bn9x4g92,cpb-aacip-500-2j68715h","naeb-b111-f07-08,naeb-b106-f01-13","naeb-b073-f06,naeb-b067-f02"
Harvard University. Russian Research Center,Corporate Body,20,0,1,"cpb-aacip-500-fj29dt3r,cpb-aacip-500-dz03336b,cpb-aacip-500-2b8vff8w,cpb-aacip-500-nz80qf26,cpb-aacip-500-k649tc58,cpb-aacip-500-z60c151b,cpb-aacip-500-08638g13,cpb-aacip-500-s46h5k6k,cpb-aacip-500-vq2s910f,cpb-aacip-500-pn8xfd9f,cpb-aacip-500-n29p6t5p,cpb-aacip-500-w950mq6x,cpb-aacip-500-2n4zm979,cpb-aacip-500-639k799x,cpb-aacip-500-qf8jjp8g,cpb-aacip-500-z60c1492,cpb-aacip-500-sj19qq45,cpb-aacip-500-bn9x4h3t,cpb-aacip-500-1g0hxv92,cpb-aacip-500-2r3p0n39",,naeb-b073-f05
Institute on Man and Science,Corporate Body,29,0,0,"cpb-aacip-500-057cw65h,cpb-aacip-500-xs5jg26h,cpb-aacip-500-bz619d97,cpb-aacip-500-p843w98b,cpb-aacip-500-r20rwg2s,cpb-aacip-500-tb0xv22f,cpb-aacip-500-7940wt3f,cpb-aacip-500-862bdc62,cpb-aacip-500-k35mf42b,cpb-aacip-500-n00ztk83,cpb-aacip-500-cc0tvj58,cpb-aacip-500-1z41wb3s,cpb-aacip-500-f7667z9j,cpb-aacip-500-m61bq995,cpb-aacip-500-vq2s923c,cpb-aacip-500-x921hn4c,cpb-aacip-500-1z41wc6q,cpb-aacip-500-7m042p4g,cpb-aacip-500-9g5gg455,cpb-aacip-500-m32nb06t,cpb-aacip-500-rx93d07q,cpb-aacip-500-zs2kbx6v,cpb-aacip-500-z892dg9v,cpb-aacip-500-zg6g624w,cpb-aacip-500-ks6j556b,cpb-aacip-500-6q1sk425,cpb-aacip-500-5x25ft82,cpb-aacip-500-1v5bh27b,cpb-aacip-500-r20rwf6j",,
Johnson Foundation,Corporate Body,9,0,0,"cpb-aacip-500-zk55kb32,cpb-aacip-500-sf2mbf67,cpb-aacip-500-fb4wn86h,cpb-aacip-500-2b8vfg6m,cpb-aacip-500-5t3g2h76,cpb-aacip-500-rf5kfm0g,cpb-aacip-500-q52fcw6s,cpb-aacip-500-v11vk251,cpb-aacip-500-js9h882n",,
"Marquis, Chalmers H.",Person,0,0,16,,,"naeb-b071-f04,naeb-b071-f05,naeb-b074-f08,naeb-b074-f09,naeb-b074-f12,naeb-b093-f01,naeb-b093-f02,naeb-b093-f03,naeb-b093-f06,naeb-b093-f07,naeb-b094-f05,naeb-b094-f06,naeb-b094-f07,naeb-b036-f02,naeb-b036-f07,naeb-b036-f08"
"McKellar, Arlene",Person,0,0,8,,,"naeb-b069-f02,naeb-b034-f09,naeb-b100-f03,naeb-b033-f01,naeb-b033-f02,naeb-b018-f08,naeb-b018-f09,naeb-b018-f12"
National Educational Television and Radio Center,Corporate Body,66,1,3,"cpb-aacip-500-df6k4p81,cpb-aacip-500-fj29dw0f,cpb-aacip-500-fx73zz80,cpb-aacip-500-8s4jr36b,cpb-aacip-500-154ds229,cpb-aacip-500-2b8vfh5k,cpb-aacip-500-hm52kv1w,cpb-aacip-500-vd6p4617,cpb-aacip-500-9882pj8n,cpb-aacip-500-jw86nj61,cpb-aacip-500-6h4csg3r,cpb-aacip-500-901zhp4z,cpb-aacip-500-jw86nj78,cpb-aacip-500-18345b0c,cpb-aacip-500-pr7mtq0w,cpb-aacip-500-qz22h40j,cpb-aacip-500-4f1mmg0m,cpb-aacip-500-r20rwd3m,cpb-aacip-500-wp9t5v4h,cpb-aacip-500-028pgw1r,cpb-aacip-500-hd7nt747,cpb-aacip-500-dj58j014,cpb-aacip-500-9g5gg37f,cpb-aacip-500-j678xk7n,cpb-aacip-500-v40jzb2q,cpb-aacip-500-8g8fk785,cpb-aacip-500-t43j2g7j,cpb-aacip-500-ww76zh1d,cpb-aacip-500-9882pj0q,cpb-aacip-500-tt4fsg38,cpb-aacip-500-3f4kqn2s,cpb-aacip-500-tt4fsd7t,cpb-aacip-500-br8mhs1r,cpb-aacip-500-cz32667v,cpb-aacip-500-sf2mbf11,cpb-aacip-500-7659hh3t,cpb-aacip-500-db7vrf4q,cpb-aacip-500-bv79x31j,cpb-aacip-500-j9609t1j,cpb-aacip-500-2805255w,cpb-aacip-500-n29p6v25,cpb-aacip-500-mg7fw41n,cpb-aacip-500-6d5pd60m,cpb-aacip-500-vh5chf1f,cpb-aacip-500-7659hh2k,cpb-aacip-500-00003m2q,cpb-aacip-500-0v89m515,cpb-aacip-500-p55dgz6v,cpb-aacip-500-hh6c6j01,cpb-aacip-500-m61bq850,cpb-aacip-500-bc3szn1k,cpb-aacip-500-xp6v2q7r,cpb-aacip-500-jq0svz86,cpb-aacip-500-4q7qsb07,cpb-aacip-500-1j97b550,cpb-aacip-500-736m469n,cpb-aacip-500-c824g69h,cpb-aacip-500-4m91d24w,cpb-aacip-500-wp9t5v38,cpb-aacip-500-v40jz890,cpb-aacip-500-3b5wbb4n,cpb-aacip-500-9w09167f,cpb-aacip-500-ff3m1h9k,cpb-aacip-500-8c9r5x5n,cpb-aacip-500-v11vk073,cpb-aacip-500-z02z7k27",naeb-b074-f02-17,"naeb-b071-f04,naeb-b072-f01,naeb-b082-f03"
"W9XHZ (Radio Station : Bloomington, IN)",Corporate Body,0,1,0,,naeb-b111-f06-05,
"WDUQ (Radio station : Pittsburgh, Pa.)",Corporate Body,52,0,1,"cpb-aacip-500-2f7jtr78,cpb-aacip-500-fj29dt40,cpb-aacip-500-416t2b4h,cpb-aacip-500-1n7xqg2s,cpb-aacip-500-t14tp48t,cpb-aacip-500-4t6f5m3h,cpb-aacip-500-wm13sk6k,cpb-aacip-500-j678xh4h,cpb-aacip-500-jh3d3d1s,cpb-aacip-500-r49g8p9k,cpb-aacip-500-r20rwd2c,cpb-aacip-500-mp4vnp5g,cpb-aacip-500-8p5vbr92,cpb-aacip-500-w08wfv7d,cpb-aacip-500-d21rkh5x,cpb-aacip-500-k9316p3j,cpb-aacip-500-tt4fsf32,cpb-aacip-500-rr1pmd3f,cpb-aacip-500-qr4nqj7w,cpb-aacip-500-s46h5k3v,cpb-aacip-500-ms3k1z90,cpb-aacip-500-w08wfv4p,cpb-aacip-500-c53f2x3g,cpb-aacip-500-9g5gg30r,cpb-aacip-500-qj77z06s,cpb-aacip-500-3t9d8r30,cpb-aacip-500-qz22h41s,cpb-aacip-500-wd3q106j,cpb-aacip-500-6w96bm45,cpb-aacip-500-9p2w7n62,cpb-aacip-500-4m91d19w,cpb-aacip-500-nc5scq1k,cpb-aacip-500-fn10t31v,cpb-aacip-500-cn6z1c5t,cpb-aacip-500-7m042n1j,cpb-aacip-500-wh2dd89p,cpb-aacip-500-7w677g65,cpb-aacip-500-4x54jx1n,cpb-aacip-500-g7374t4v,cpb-aacip-500-w6697f6h,cpb-aacip-500-c24qpn7w,cpb-aacip-500-df6k4n7k,cpb-aacip-500-dv1cps55,cpb-aacip-500-dj58hz1r,cpb-aacip-500-7s7hv62n,cpb-aacip-500-j9609t2s,cpb-aacip-500-513tz60x,cpb-aacip-500-gm81px8n,cpb-aacip-500-wh2dd88f,cpb-aacip-500-1g0hxw42,cpb-aacip-500-t14tp492,cpb-aacip-500-ft8dkn8c",,naeb-b034-f01
"Ziebarth, E. W. (Elmer William), 1910-",Person,11,0,1,"cpb-aacip-500-69700w54,cpb-aacip-500-dn3zx756,cpb-aacip-500-dj58hz0h,cpb-aacip-500-2f7jtr5s,cpb-aacip-500-n58cm408,cpb-aacip-500-td9n792r,cpb-aacip-500-rx93d02h,cpb-aacip-500-pz51m82h,cpb-aacip-500-hm52kt1p,cpb-aacip-500-q52fct7m,cpb-aacip-500-tq5rd47d",,naeb-b019-f07